fecha;apertura;promedio;cierre
27/07/2022;5.29;5.2904823;5.29
26/07/2022;5.29;5.285629987;5.2
25/07/2022;5.32;5.256884365;5.35
22/07/2022;5.5;5.412057681;5.39
21/07/2022;5.12;5.21641729;5.05
20/07/2022;5.05;5.052441269;5.05
19/07/2022;5.05;5.045342338;5
18/07/2022;5.05;4.999988488;4.95
15/07/2022;4.95;4.950454398;4.95
14/07/2022;5;4.956072779;5.04
13/07/2022;5;5.050414943;5.05
12/07/2022;5.1;5.003439974;5.1
11/07/2022;5.1;5.106813424;5.1
8/07/2022;5.11;5.102825327;5.05
7/07/2022;5.05;5.049197289;5
6/07/2022;5;4.997681374;5.05
5/07/2022;5.05;5.051904889;5.15
4/07/2022;5.1;5.13705192;5.15
1/07/2022;5.15;5.186734817;5.15
30/06/2022;5.15;5.150017166;5.2
28/06/2022;5.2;5.2;5.2
27/06/2022;5.2;5.186129256;5.2
24/06/2022;5.15;5.140634347;5.15
23/06/2022;5.2;5.199482246;5.25
22/06/2022;5.35;5.254385639;5.37
21/06/2022;5.4;5.356135731;5.4
20/06/2022;5.4;5.4;5.35
17/06/2022;5.4;5.391602567;5.4
16/06/2022;;5.372486569;5.4
15/06/2022;5.45;5.409206911;5.45
14/06/2022;5.4;5.397071432;5.45
13/06/2022;5.5;5.492737901;5.46
10/06/2022;5.45;5.462768638;5.41
9/06/2022;5.4;5.412437743;5.45
8/06/2022;5.15;5.252594876;5.15
7/06/2022;5.08;5.129565217;5.12
6/06/2022;5.17;5.100403411;5.15
3/06/2022;5.13;5.149072583;5.13
2/06/2022;5.15;5.100407978;5.1
1/06/2022;5.1;5.092717024;5.05
31/05/2022;5;5.006780451;5.1
30/05/2022;5.06;5.084106716;5.01
27/05/2022;4.95;4.980939602;4.93
26/05/2022;4.93;4.951565562;4.9
25/05/2022;4.94;4.912710438;4.92
24/05/2022;4.85;4.883322938;4.85
23/05/2022;4.95;4.924790748;4.95
20/05/2022;4.95;4.950040404;4.95
19/05/2022;4.85;4.94632223;4.85
18/05/2022;4.91;4.947496013;4.85
17/05/2022;4.96;4.854211128;4.96
16/05/2022;4.95;4.957479591;4.9
13/05/2022;4.9;4.903450928;4.81
12/05/2022;4.95;4.906205128;4.9
11/05/2022;4.9;4.9;4.9
10/05/2022;4.8;4.842386405;4.8
9/05/2022;4.86;4.803029007;4.95
6/05/2022;4.9;4.873440226;4.95
5/05/2022;5.1;4.910081857;5.1
4/05/2022;4.8;5.094420623;5
3/05/2022;5.2;5.088868726;5.08
2/05/2022;5.05;4.994258227;5.12
29/04/2022;5.12;5.138773618;5.1
28/04/2022;5.15;5.00158971;5.2
27/04/2022;5.2;5.223208337;5.02
26/04/2022;5;5.008125904;4.97
25/04/2022;5.2;5.097403677;5.25
22/04/2022;5.6;5.466521677;5.6
21/04/2022;5.35;5.408745102;5.35
20/04/2022;5.1;5.111626141;5.08
19/04/2022;5.12;5.027233028;5.01
18/04/2022;5.01;5.008821522;5.01
13/04/2022;5.42;5.33112542;5.42
12/04/2022;5.65;5.581706328;5.63
11/04/2022;5.6;5.64448018;5.6
8/04/2022;5.7;5.650286552;5.7
7/04/2022;5.74;5.719279884;5.7
6/04/2022;5.77;5.748973501;5.76
5/04/2022;5.77;5.765215286;5.77
4/04/2022;5.7;5.724164215;5.69
1/04/2022;5.63;5.656252112;5.55
31/03/2022;5.63;5.587315397;5.63
30/03/2022;5.7;5.690044567;5.7
29/03/2022;5.75;5.714330253;5.75
28/03/2022;5.76;5.751279249;5.7
25/03/2022;5.78;5.773625112;5.78
24/03/2022;5.78;5.761385614;5.78
23/03/2022;5.78;5.78;5.78
22/03/2022;5.81;5.791685382;5.81
21/03/2022;5.82;5.821623802;5.82
18/03/2022;5.79;5.801141708;5.79
17/03/2022;5.83;5.823470359;5.83
16/03/2022;5.67;5.703107463;5.67
15/03/2022;5.69;5.679439456;5.69
14/03/2022;5.75;5.748708775;5.79
11/03/2022;5.79;5.790125454;5.75
10/03/2022;5.85;5.836902291;5.85
9/03/2022;5.85;5.856640912;5.86
8/03/2022;5.9;5.897829877;5.9
7/03/2022;6.05;5.930125496;6.15
4/03/2022;6.2;6.177898116;6.2
3/03/2022;6.2;6.196042702;6.2
2/03/2022;6.2;6.200356467;6.22
1/03/2022;6.22;6.224036491;6.12
28/02/2022;6.3;6.127933486;6.35
25/02/2022;6.3;6.300125168;6.29
24/02/2022;6.19;6.169323006;6.25
23/02/2022;6.23;6.244341216;6.23
22/02/2022;6.29;6.236858256;6.23
21/02/2022;6.2;6.203970605;6.3
18/02/2022;6.2;6.216614512;6.2
17/02/2022;6.28;6.272705892;6.28
16/02/2022;6.5;6.355026631;6.55
15/02/2022;6.55;6.583428551;6.55
14/02/2022;6.63;6.574114387;6.64
11/02/2022;6.67;6.656820298;6.67
10/02/2022;6.7;6.670432093;6.7
9/02/2022;6.75;6.727681466;6.75
8/02/2022;6.57;6.657089554;6.57
7/02/2022;6.65;6.60133193;6.64
4/02/2022;6.64;6.639429477;6.65
3/02/2022;6.65;6.650246313;6.65
2/02/2022;6.9;6.682688424;6.9
1/02/2022;6.8;6.868070592;6.87
31/01/2022;6.82;6.886184355;6.8
28/01/2022;6.85;6.843057533;6.85
27/01/2022;6.76;6.845455351;6.76
26/01/2022;6.75;6.779635748;6.75
25/01/2022;6.8;6.733423545;6.8
24/01/2022;6.84;6.801982897;6.83
21/01/2022;6.9;6.885587552;6.9
20/01/2022;6.9;6.890912167;6.9
19/01/2022;6.84;6.848826025;6.84
18/01/2022;6.95;6.871369192;6.95
17/01/2022;6.95;6.95;6.95
14/01/2022;6.95;6.973715724;6.99
13/01/2022;6.8;6.945962807;6.8
12/01/2022;6.65;6.788190498;6.58
11/01/2022;6.55;6.549272949;6.51
10/01/2022;6.63;6.619725047;6.63
7/01/2022;6.45;6.461059184;6.45
6/01/2022;6.45;6.449491516;6.35
5/01/2022;6.22;6.239308416;6.2
4/01/2022;6.1;6.127901688;6.05
3/01/2022;6.05;6.05;6.05
31/12/2021;;6.05;6.05
30/12/2021;6;5.962940069;6
29/12/2021;6.12;6.055697338;6.12
28/12/2021;6.12;6.120042777;6.06
27/12/2021;5.8;5.990717601;5.75
24/12/2021;;;5.75
23/12/2021;5.7;5.698664533;5.65
22/12/2021;5.7;5.650012732;5.7
21/12/2021;5.7;5.699491249;5.63
20/12/2021;5.55;5.608279619;5.55
17/12/2021;5.61;5.556893454;5.6
16/12/2021;5.53;5.642972626;5.48
15/12/2021;5.6;5.484440839;5.6
14/12/2021;5.6;5.599638301;5.6
13/12/2021;5.68;5.677595262;5.65
10/12/2021;5.7;5.682733316;5.7
9/12/2021;5.57;5.684083254;5.57
7/12/2021;5.62;5.622837473;5.55
6/12/2021;5.6;5.474165553;5.6
3/12/2021;5.85;5.74287135;5.85
2/12/2021;5.86;5.860035133;5.86
1/12/2021;6.02;5.940129424;6.02
30/11/2021;6.15;6.089960327;6.15
29/11/2021;6.1;6.098899583;6.1
26/11/2021;6.15;6.133233422;6.17
25/11/2021;6.2;6.194231743;6.2
24/11/2021;6.22;6.219705993;6.22
23/11/2021;6.25;6.249760006;6.25
22/11/2021;6.21;6.133620048;6.3
19/11/2021;6.3;6.291581963;6.3
18/11/2021;6.35;6.348407311;6.35
17/11/2021;6.35;6.353453054;6.37
16/11/2021;6.4;6.398533141;6.4
15/11/2021;6.42;6.369946809;6.42
12/11/2021;6.41;6.406630983;6.41
11/11/2021;6.4;6.409913785;6.41
10/11/2021;6.44;6.410279808;6.44
9/11/2021;6.4;6.439348652;6.4
8/11/2021;6.4;6.39989464;6.39
5/11/2021;6.23;6.347320866;6.18
4/11/2021;6;6.113148767;6.15
3/11/2021;6.2;6.150465925;6.3
2/11/2021;6.4;6.324835857;6.45
29/10/2021;6.4;6.408596463;6.4
28/10/2021;6.35;6.373545744;6.4
27/10/2021;6.25;6.319075945;6.21
26/10/2021;6.37;6.311348559;6.38
25/10/2021;6.35;6.365883644;6.35
22/10/2021;6.4;6.282465567;6.23
21/10/2021;6.35;6.277287162;6.4
20/10/2021;6.4;6.409708224;6.4
19/10/2021;6.35;6.357751536;6.31
18/10/2021;6.27;6.26784112;6.25
15/10/2021;6.15;6.206701559;6.15
14/10/2021;5.95;6.135131807;5.9
13/10/2021;5.65;5.7871584;5.61
12/10/2021;5.5;5.579179333;5.45
11/10/2021;5.48;5.483403858;5.43
7/10/2021;5.31;5.4120793;5.2
6/10/2021;5.22;5.2070434;5.21
5/10/2021;5.15;5.197429986;5.11
4/10/2021;5.17;5.102839785;5.17
1/10/2021;5.25;5.219415092;5.2
30/09/2021;5.25;5.218177338;5.25
29/09/2021;5.2;5.255186367;5.2
28/09/2021;5.25;5.238727415;5.27
27/09/2021;5.23;5.25449176;5.2
24/09/2021;5.15;5.211670911;5.1
23/09/2021;5.02;5.073738818;5.02
22/09/2021;4.9;4.967266939;4.9
21/09/2021;4.8;4.847503969;4.75
20/09/2021;4.8;4.788904885;4.75
17/09/2021;4.8;4.789973563;4.8
16/09/2021;4.8;4.8;4.8
15/09/2021;4.8;4.79836967;4.8
14/09/2021;4.8;4.799006186;4.8
13/09/2021;4.95;4.986074537;4.85
10/09/2021;4.85;4.873939612;4.77
9/09/2021;4.81;4.766046673;4.9
8/09/2021;4.95;4.932334786;5.05
7/09/2021;5.2;5.162145926;5.21
6/09/2021;5.2;5.225358482;5.2
3/09/2021;5.14;5.183725536;5.07
2/09/2021;4.95;4.988316895;4.95
1/09/2021;4.88;4.960997924;4.79
31/08/2021;4.75;4.794342341;4.72
27/08/2021;4.6;4.625179675;4.5
26/08/2021;4.55;4.50018934;4.55
25/08/2021;4.64;4.538926579;4.65
24/08/2021;4.23;4.608316875;4.17
23/08/2021;4.55;4.743739297;4.55
20/08/2021;4.75;4.743211371;4.75
19/08/2021;4.8;4.69169789;4.8
18/08/2021;4.85;4.80047909;4.85
17/08/2021;4.98;4.920223786;4.98
16/08/2021;5.01;4.990951417;5.05
13/08/2021;5.06;5.049734811;5.06
12/08/2021;4.95;5.030807599;4.8
11/08/2021;5.28;4.943931877;5.25
10/08/2021;5.3;5.251385256;5.3
9/08/2021;5.37;5.3368313;5.36
6/08/2021;5.5;5.368341531;5.37
5/08/2021;5.4;5.372765416;5.35
4/08/2021;5.41;5.416393096;5.37
3/08/2021;5.45;5.462004891;5.5
2/08/2021;5.65;5.719678283;5.55
30/07/2021;6;5.523394764;6.15
27/07/2021;6.15;6.150029664;6.15
26/07/2021;6.16;6.15022698;6.16
23/07/2021;6.15;6.150136733;6.1
22/07/2021;6.11;6.111842118;6
21/07/2021;6.02;6.005343279;5.95
20/07/2021;5.94;5.950895958;5.94
19/07/2021;5.96;5.949701244;5.95
16/07/2021;5.9;5.935923909;5.9
15/07/2021;5.9;5.900325915;5.9
14/07/2021;5.95;5.947498093;5.95
13/07/2021;5.95;5.950213086;5.95
12/07/2021;5.95;5.95;5.95
9/07/2021;5.95;5.941042161;5.95
8/07/2021;6;5.985564913;6
7/07/2021;6;6;6
6/07/2021;6;6.000366327;6
5/07/2021;6;6;6
2/07/2021;6;5.994364865;6
1/07/2021;6.3;6.06649111;6.3
30/06/2021;6.35;6.34795576;6.3
28/06/2021;6.2;6.250825575;6.1
25/06/2021;6.1;6.1;6.1
24/06/2021;6.1;6.101312434;6
23/06/2021;6.16;6.041199124;6.16
22/06/2021;6.2;6.16240201;6.16
21/06/2021;6.06;6.06573613;6.05
18/06/2021;6;6.051281512;6
17/06/2021;6.25;6.08770766;6.25
16/06/2021;6.45;6.39231533;6.45
15/06/2021;6.51;6.555146796;6.5
14/06/2021;6.45;6.453801378;6.35
11/06/2021;6.35;6.37170301;6.5
10/06/2021;6.2;6.243344687;6.05
9/06/2021;5.7;5.810261307;5.88
8/06/2021;5.85;5.992258092;5.79
7/06/2021;6.5;5.863568502;6.82
4/06/2021;6.6;6.740948281;6.5
3/06/2021;6.41;6.497560211;6.41
2/06/2021;6.36;6.399986044;6.35
1/06/2021;6.6;6.299038361;6.6
31/05/2021;6.62;6.614542361;6.6
28/05/2021;6.3;6.563707522;6.05
27/05/2021;6.19;6.006382589;6.09
26/05/2021;6.15;6.11940224;6.11
25/05/2021;6.19;6.095316841;6.1
24/05/2021;6.66;6.124284957;6.65
21/05/2021;7;6.629499972;6.98
20/05/2021;6.95;6.967356616;6.9
19/05/2021;7.15;7.039031768;7.17
18/05/2021;7.2;7.199872212;7.2
17/05/2021;7.3;7.136241875;7.45
14/05/2021;7.7;7.460669912;7.52
13/05/2021;7.14;7.495637609;7.11
12/05/2021;7.05;7.001482601;7
11/05/2021;7;6.937580134;6.86
10/05/2021;6.77;6.926517115;6.62
7/05/2021;6.6;6.617628377;6.56
6/05/2021;6.55;6.557695245;6.6
5/05/2021;6.61;6.612877804;6.6
4/05/2021;6.8;6.689974078;6.8
3/05/2021;6.9;6.871596141;6.9
30/04/2021;7.1;7.021600812;7
29/04/2021;6.9;6.98696343;6.76
28/04/2021;6.7;6.704763139;6.7
27/04/2021;6.83;6.812771941;6.84
26/04/2021;6.4;6.583340584;6.4
23/04/2021;6.58;6.586954103;6.58
22/04/2021;7;7.004167478;7.05
21/04/2021;7.1;7.068582332;7.1
20/04/2021;7.15;7.048830918;7.15
19/04/2021;7.5;7.247343739;7.64
16/04/2021;7.68;7.652110277;7.68
15/04/2021;7.7;7.699601536;7.69
14/04/2021;7.69;7.695215323;7.7
13/04/2021;7.65;7.697141691;7.6
12/04/2021;7.68;7.494463526;7.72
9/04/2021;7.64;7.721382673;7.74
8/04/2021;7.74;7.739990347;7.74
7/04/2021;7.74;7.74;7.74
6/04/2021;7.74;7.753111351;7.7
5/04/2021;7.7;7.708332363;7.65
31/03/2021;7.7;7.677046536;7.7
30/03/2021;7.7;7.715520093;7.73
29/03/2021;7.75;7.753050316;7.73
26/03/2021;7.88;7.81676743;7.89
25/03/2021;7.89;7.88774954;7.9
24/03/2021;7.9;7.896784716;7.9
23/03/2021;7.91;7.904215877;7.91
22/03/2021;7.95;7.941968191;7.95
19/03/2021;7.93;7.938002302;7.93
18/03/2021;8.05;7.965745135;8.05
17/03/2021;8.05;8.049993804;8.02
16/03/2021;8.05;8.034869253;8.05
15/03/2021;8.05;8.050015618;8.05
12/03/2021;8.08;8.050095781;8.06
11/03/2021;8.05;8.054521955;8.05
10/03/2021;8.03;7.959524095;8.01
9/03/2021;8;8.009978563;8.1
8/03/2021;8.21;8.106802587;8.21
5/03/2021;8.25;8.22582906;8.25
4/03/2021;8.25;8.260541249;8.3
3/03/2021;8.23;8.289013142;8.24
2/03/2021;8.2;8.200420484;8.2
1/03/2021;8.14;8.16531217;8.1
26/02/2021;8.17;8.104980331;8.17
25/02/2021;8.15;8.166522937;8.15
24/02/2021;8.14;8.15033048;8.15
23/02/2021;8.14;8.149665131;8.14
22/02/2021;8.15;8.143722542;8.11
19/02/2021;8.15;8.149834562;8.2
18/02/2021;8.2;8.172054625;8.2
17/02/2021;8.2;8.205704736;8.22
16/02/2021;8.27;8.245208462;8.3
15/02/2021;8.27;8.300219495;8.27
12/02/2021;8.27;8.270588235;8.27
11/02/2021;8.31;8.298973684;8.3
10/02/2021;8.32;8.359618848;8.32
9/02/2021;8.37;8.369877065;8.32
8/02/2021;8.28;8.329369689;8.28
5/02/2021;8.15;8.220652848;8.15
4/02/2021;8.14;8.142854038;8.14
3/02/2021;8.2;8.153796159;8.19
2/02/2021;8.21;8.17445189;8.2
1/02/2021;8.19;8.198673148;8.2
29/01/2021;8.13;8.173409994;8.13
28/01/2021;8.1;8.111592115;8.15
27/01/2021;8.15;8.149819222;8.18
26/01/2021;8.2;8.185478205;8.2
25/01/2021;8.2;8.2;8.2
22/01/2021;8.2;8.240584182;8.2
21/01/2021;8.2;8.2;8.2
20/01/2021;8.2;8.200908634;8.2
19/01/2021;8.05;8.166754074;8.05
18/01/2021;8.1;8.108537384;8.1
15/01/2021;8.18;8.173715976;8.2
14/01/2021;8.15;8.180525353;8.19
13/01/2021;8.15;8.183232628;8.15
12/01/2021;8.2;8.181869577;8.2
11/01/2021;8.08;8.194865978;8.1
8/01/2021;8.1;8.09566521;8.05
7/01/2021;7.52;7.927621671;7.52
6/01/2021;7.51;7.506279784;7.5
5/01/2021;7.5;7.5;7.4
4/01/2021;7.15;7.219518893;7.15
31/12/2020;7.15;7.15;7.17
30/12/2020;7.18;7.178899472;7.19
29/12/2020;7.17;7.174110083;7.15
28/12/2020;7.12;7.146841807;7.12
24/12/2020;7.12;7.118874614;7.12
23/12/2020;7.13;7.110802734;7.13
22/12/2020;7.19;7.119890989;7.13
21/12/2020;7.16;7.137967288;7.2
18/12/2020;7.2;7.194805128;7.16
17/12/2020;7.16;7.16;7.16
16/12/2020;7.15;7.159801369;7.18
15/12/2020;7.18;7.18;7.18
14/12/2020;7.2;7.187978626;7.2
11/12/2020;7.25;7.207559159;7.3
10/12/2020;7.35;7.321353938;7.35
9/12/2020;7.46;7.366779468;7.45
7/12/2020;7.2;7.286869496;7.1
4/12/2020;7.1;7.100246138;7.09
3/12/2020;7.09;7.090028375;7.09
2/12/2020;7.09;7.09;7.1
1/12/2020;7.09;7.099008539;7.1
30/11/2020;7.1;7.014531478;7.1
27/11/2020;7.2;7.176223724;7.2
26/11/2020;7.25;7.214667522;7.3
25/11/2020;7.45;7.308710939;7.4
24/11/2020;7.3;7.305775339;7.3
23/11/2020;7.27;7.258974827;7.2
20/11/2020;7.25;7.244460938;7.15
19/11/2020;7.15;7.21913406;7.15
18/11/2020;7;7.003097516;7
17/11/2020;7;6.997452308;7
16/11/2020;7.01;7.009824726;7.01
13/11/2020;7;6.991351843;7
12/11/2020;7;7.000047261;7
11/11/2020;7;6.997899927;6.89
10/11/2020;7;6.902635121;7.2
9/11/2020;7;7.114979741;6.9
6/11/2020;7;6.820932069;7
5/11/2020;7.05;7.018863142;6.95
4/11/2020;7.05;7.004892509;7.05
3/11/2020;7.05;7.072107574;7.05
2/11/2020;7.05;7.04996889;7
30/10/2020;7.05;7.04751269;7.03
29/10/2020;7.25;7.042017992;7.25
28/10/2020;7.28;7.259331674;7.38
27/10/2020;7.38;7.38;7.38
26/10/2020;7.4;7.389881922;7.4
23/10/2020;7.4;7.4;7.4
22/10/2020;7.4;7.399266071;7.45
21/10/2020;;7.45;7.45
20/10/2020;7.5;7.454201644;7.5
19/10/2020;7.45;7.454120917;7.5
16/10/2020;7.6;7.540109118;7.6
15/10/2020;7.6;7.599831991;7.6
14/10/2020;7.7;7.60205685;7.7
13/10/2020;7.8;7.708428887;7.82
12/10/2020;7.9;7.864187163;7.7
9/10/2020;7.7;;7.7
8/10/2020;7.71;7.702449114;7.7
7/10/2020;7.7;7.7;7.7
6/10/2020;7.7;7.699991308;7.7
5/10/2020;7.7;7.700055035;7.7
2/10/2020;7.7;7.7;7.7
1/10/2020;7.7;7.7;7.67
30/09/2020;7.6;7.615642017;7.59
29/09/2020;7.59;7.59;7.59
28/09/2020;7.59;7.59;7.59
25/09/2020;7.51;7.517922156;7.51
24/09/2020;7.53;7.526756757;7.55
23/09/2020;7.55;7.55319115;7.55
22/09/2020;7.59;7.554547653;7.6
21/09/2020;7.62;7.600332189;7.67
18/09/2020;7.67;7.67;7.67
17/09/2020;7.6;7.611872962;7.57
16/09/2020;7.55;7.551775925;7.59
15/09/2020;7.58;7.583601805;7.57
14/09/2020;7.57;7.57;7.56
11/09/2020;7.55;7.5632628;7.52
10/09/2020;7.62;7.529971116;7.62
9/09/2020;7.7;7.65201037;7.7
8/09/2020;7.74;7.70026174;7.74
7/09/2020;7.74;7.74;7.74
4/09/2020;7.78;7.742317098;7.78
3/09/2020;7.8;7.792565124;7.74
2/09/2020;7.96;7.841147951;7.96
1/09/2020;7.96;7.957747036;7.96
31/08/2020;7.62;7.95335;7.54
28/08/2020;7.7;7.610567408;7.7
27/08/2020;7.76;7.70499721;7.75
26/08/2020;7.71;7.700924133;7.71
25/08/2020;7.73;7.719832148;7.7
24/08/2020;7.6;7.63663868;7.63
21/08/2020;7.6;7.602078167;7.6
20/08/2020;7.55;7.594150345;7.55
19/08/2020;7.6;7.553010438;7.68
18/08/2020;7.75;7.672884133;7.75
17/08/2020;7.6;7.686048944;7.7
14/08/2020;7.7;7.7;7.7
13/08/2020;7.55;7.608539476;7.55
12/08/2020;7.55;7.556925087;7.5
11/08/2020;7.48;7.474289676;7.48
10/08/2020;7.68;7.724855313;7.65
7/08/2020;7.72;7.665364783;7.72
6/08/2020;7.8;7.759385756;7.8
5/08/2020;7.75;7.76894034;7.7
4/08/2020;7.7;7.73787663;7.8
3/08/2020;7.94;7.878539928;7.8
31/07/2020;7.9;7.812797854;7.9
30/07/2020;7.95;7.942157204;7.95
29/07/2020;7.96;7.947688198;7.95
27/07/2020;7.95;7.886389443;7.95
24/07/2020;7.95;7.922694214;8.05
23/07/2020;8.05;8.05;8.08
22/07/2020;8;8.082715163;8.1
21/07/2020;8;8.005823476;7.78
20/07/2020;7.78;7.78;7.7
17/07/2020;7.8;7.748835843;7.88
16/07/2020;7.9;7.895915803;7.9
15/07/2020;7.93;7.922221908;7.93
14/07/2020;8;7.939763158;7.85
13/07/2020;8;7.874613867;8
10/07/2020;8.1;7.951242903;8.1
9/07/2020;8.1;8.091013168;8.05
8/07/2020;8.12;8.139163992;8.12
7/07/2020;8.11;8.126825267;8.12
6/07/2020;8.12;8.072844949;8.12
3/07/2020;8.1;8.102485501;8.1
2/07/2020;8.1;8.052394209;8.1
1/07/2020;8.03;8.052063367;8.03
30/06/2020;8;7.989156313;7.95
26/06/2020;8;7.982808995;7.95
25/06/2020;8.05;7.956576949;8.15
24/06/2020;8.15;8.150458243;8.19
23/06/2020;8.23;8.205333353;8.23
22/06/2020;8.23;8.23;8.23
19/06/2020;8.35;8.202178213;8.27
18/06/2020;8.37;8.281340585;8.37
17/06/2020;8.45;8.388081483;8.45
16/06/2020;8.2;8.347854825;8.15
15/06/2020;8.2;8.13888636;8.2
12/06/2020;8.23;8.212447444;8.23
11/06/2020;8.4;8.250628681;8.45
10/06/2020;8.4;8.401938355;8.45
9/06/2020;8.52;8.497100233;8.6
8/06/2020;8.66;8.64673661;8.65
5/06/2020;8.15;8.485481727;8.13
4/06/2020;8;8.090458539;7.92
3/06/2020;7.8;7.863850904;7.8
2/06/2020;7.8;7.809145852;7.75
1/06/2020;7.8;7.727079038;7.8
29/05/2020;7.75;7.793903255;7.75
28/05/2020;7.62;7.69019007;7.55
27/05/2020;7.6;7.555206655;7.6
26/05/2020;7.7;7.643711678;7.7
25/05/2020;7.72;7.700845269;7.72
22/05/2020;7.8;7.618248217;7.75
21/05/2020;7.8;7.778706282;7.89
20/05/2020;8;7.914493257;7.95
19/05/2020;8;7.967715011;7.99
18/05/2020;7.65;7.740246354;7.6
15/05/2020;7.55;7.55832118;7.6
14/05/2020;7.6;7.492795438;7.6
13/05/2020;7.81;7.676405566;7.81
12/05/2020;7.55;7.86577906;7.55
11/05/2020;7.41;7.460804898;7.49
8/05/2020;7.23;7.415727067;7.15
7/05/2020;7.3;7.183782763;7.3
6/05/2020;7.1;7.059201144;7.06
5/05/2020;6.81;6.771365064;6.8
4/05/2020;6.91;6.793512041;6.86
30/04/2020;6.9;6.916759561;6.85
29/04/2020;6.8;6.827553644;6.8
28/04/2020;6.81;6.806250053;6.81
27/04/2020;7;6.9048008;7
24/04/2020;7.1;7.035474177;7.1
23/04/2020;7.2;7.165548604;7.2
22/04/2020;7.45;7.268384578;7.46
21/04/2020;7.5;7.494792548;7.6
20/04/2020;7.6;7.6;7.6
17/04/2020;7.25;7.27432138;7.25
16/04/2020;7.17;7.222647173;7.12
15/04/2020;7.15;7.090060901;7
14/04/2020;7;6.997188879;7
13/04/2020;7;6.999803605;6.99
8/04/2020;7;6.996636315;7
7/04/2020;7;6.999020638;7
6/04/2020;7;6.99109935;7
3/04/2020;7.25;7.058389694;7.25
2/04/2020;7.3;7.270291501;7.3
1/04/2020;7.35;7.330999681;7.35
31/03/2020;7.6;7.52520077;7.6
30/03/2020;7.85;7.69950212;8
27/03/2020;8;7.98053291;8
26/03/2020;7.9;7.925787549;7.9
25/03/2020;7.91;7.802986151;7.9
24/03/2020;7.75;7.889205533;7.75
23/03/2020;7.55;7.734637238;7.55
20/03/2020;7.37;7.49063472;7.3
19/03/2020;7.2;7.294013774;7.2
18/03/2020;7.15;7.167560607;7.15
17/03/2020;7.05;7.13091126;7
16/03/2020;7;6.99856074;7.25
13/03/2020;7.45;7.331644274;7.4
12/03/2020;8.16;7.618556928;8.23
11/03/2020;8.4;8.313597715;8.4
10/03/2020;8.5;8.417505666;8.31
9/03/2020;8.5;8.306755456;8.6
6/03/2020;8.75;8.731599228;8.79
5/03/2020;8.79;8.79;8.75
4/03/2020;8.7;8.700035093;8.7
3/03/2020;8.6;8.605994216;8.55
2/03/2020;8.55;8.543971138;8.5
28/02/2020;8.62;8.515319929;8.62
27/02/2020;8.75;8.656833968;8.9
26/02/2020;9;8.961549571;9
25/02/2020;9.05;9.034765387;9.05
24/02/2020;9.08;9.070047151;9.1
21/02/2020;9.1;9.1;9.1
20/02/2020;9.1;9.1;9.1
19/02/2020;9.1;9.1;9.07
18/02/2020;9.12;9.100032925;9.12
17/02/2020;9.12;9.12;9.15
14/02/2020;9.15;9.15;9.15
13/02/2020;9.15;9.15;9.15
12/02/2020;9.26;9.169634369;9.25
11/02/2020;9.25;9.25;9.2
10/02/2020;9.2;9.2;9.15
7/02/2020;9.15;9.15;9.15
6/02/2020;9.15;9.153752736;9.15
5/02/2020;9.15;9.15;9.1
4/02/2020;9.1;9.1;9.05
3/02/2020;9.1;9.087899287;9.1
31/01/2020;9.25;9.296478368;9.3
30/01/2020;9.35;9.334803951;9.3
29/01/2020;9.24;9.307376398;9.2
28/01/2020;9.19;9.199403875;9.19
27/01/2020;9.23;9.198000093;9.22
24/01/2020;9.24;9.2204151;9.2
23/01/2020;9.17;9.190765343;9.17
22/01/2020;9.1;9.143421881;9.1
21/01/2020;9;9.059136205;9
20/01/2020;9;9;9
17/01/2020;9;9;9
16/01/2020;9.05;9.006224753;9.05
15/01/2020;9;9.002319759;9
14/01/2020;8.97;8.996560029;8.92
13/01/2020;9;8.97672326;9
10/01/2020;9;8.99432296;9
9/01/2020;9;9;9.08
8/01/2020;9.1;9.082591614;9.13
7/01/2020;9.15;9.141423671;9.15
6/01/2020;9.15;9.15;9.15
3/01/2020;9.18;9.161737693;9.19
2/01/2020;9.2;9.199975258;9.2
31/12/2019;9.2;9.2;9.2
30/12/2019;9.2;9.200321554;9.2
27/12/2019;9.2;9.2;9.2
26/12/2019;9.14;9.173805447;9.19
24/12/2019;9.2;9.199341753;9.2
23/12/2019;9.2;9.199647116;9.2
20/12/2019;9.2;9.2;9.2
19/12/2019;8.84;9.067175477;8.79
18/12/2019;8.7;8.725931753;8.7
17/12/2019;8.7;8.699999165;8.7
16/12/2019;8.73;8.704700422;8.75
13/12/2019;8.75;8.749852217;8.75
12/12/2019;8.8;8.763088735;8.8
11/12/2019;8.9;8.895390638;8.95
10/12/2019;8.62;8.807233911;8.62
9/12/2019;8.55;8.584407334;8.54
6/12/2019;8.5;8.503470331;8.5
5/12/2019;8.5;8.500016713;8.5
4/12/2019;8.65;8.521591741;8.65
3/12/2019;8.8;8.769994449;8.8
2/12/2019;8.8;8.8;8.8
29/11/2019;8.8;8.8;8.75
28/11/2019;8.85;8.772929667;8.8
27/11/2019;8.86;8.807178253;8.9
26/11/2019;8.9;8.9;8.9
25/11/2019;8.9;8.896945277;8.9
22/11/2019;8.9;8.9;8.9
21/11/2019;8.9;8.9;8.89
20/11/2019;8.85;8.886416944;8.85
19/11/2019;8.93;8.879655405;8.93
18/11/2019;8.97;8.930470202;9
15/11/2019;9;9;9
14/11/2019;8.96;8.993502684;9
13/11/2019;9;9;9
12/11/2019;9;9;9
11/11/2019;8.95;8.954668562;9
8/11/2019;9.2;9.005446614;9.2
7/11/2019;9.2;9.2;9.2
6/11/2019;9.2;9.2;9.2
5/11/2019;9.2;9.2;9.2
4/11/2019;9.17;9.186880342;9.17
31/10/2019;9.2;9.170219643;9.16
30/10/2019;9.2;9.171769189;9.2
29/10/2019;9.23;9.213296837;9.23
28/10/2019;9.15;9.211068702;9.2
25/10/2019;9.23;9.219971386;9.23
24/10/2019;9.23;9.229871096;9.23
23/10/2019;9.3;9.244817414;9.32
22/10/2019;9.36;9.340875025;9.4
21/10/2019;9.45;9.442564089;9.41
18/10/2019;9.35;9.370056252;9.31
17/10/2019;9.31;9.31;9.26
16/10/2019;9.26;9.26;9.3
15/10/2019;9.25;9.299192793;9.3
14/10/2019;9.25;9.296956131;9.2
11/10/2019;9.05;9.123786553;9
10/10/2019;9;8.999982183;9
9/10/2019;9.02;9.006552296;9.02
7/10/2019;9.01;9.011306241;9.01
4/10/2019;9;9.002963146;9
3/10/2019;9;9;9.05
2/10/2019;9.08;9.059046525;9.08
1/10/2019;9.2;9.031411453;9.3
30/09/2019;;;9.3
27/09/2019;9.3;9.3;9.25
26/09/2019;9.26;9.251068934;9.26
25/09/2019;9.3;9.293921303;9.3
24/09/2019;9.35;9.347568945;9.35
23/09/2019;9.35;9.391811148;9.3
20/09/2019;9.25;9.250035508;9.25
19/09/2019;9.4;9.25172476;9.4
18/09/2019;9.39;9.39313253;9.39
17/09/2019;9.39;9.39;9.39
16/09/2019;9.39;9.39;9.4
13/09/2019;9.4;9.352349382;9.4
12/09/2019;9.4;9.402749678;9.4
11/09/2019;9.4;9.4;9.4
10/09/2019;9.41;9.400291262;9.36
9/09/2019;9.4;9.395118272;9.4
6/09/2019;9.4;9.372893963;9.35
5/09/2019;9.5;9.336328317;9.4
4/09/2019;9.5;9.422143428;9.5
3/09/2019;9.55;9.53267049;9.5
2/09/2019;9.5;9.515912548;9.5
29/08/2019;9.5;9.5;9.45
28/08/2019;9.45;9.45;9.4
27/08/2019;9.35;9.391457433;9.4
26/08/2019;9.4;9.4;9.45
23/08/2019;9.5;9.485527945;9.56
22/08/2019;9.7;9.57443644;9.56
21/08/2019;9.6;9.563307692;9.7
20/08/2019;9.6;9.600790256;9.65
19/08/2019;9.65;9.728755556;9.65
16/08/2019;9.65;9.650123752;9.7
15/08/2019;9.65;9.677651576;9.7
14/08/2019;9.65;9.667748918;9.65
13/08/2019;9.7;9.688579198;9.6
12/08/2019;9.7;9.600653883;9.7
9/08/2019;9.8;9.747196516;9.85
8/08/2019;9.8;9.760198298;9.75
7/08/2019;9.8;9.767910309;9.8
6/08/2019;9.95;9.821528011;9.95
5/08/2019;10;9.992222222;10.15
2/08/2019;10;10.08745318;10.01
1/08/2019;10.5;10.03939394;10.6
31/07/2019;10.6;10.59805462;10.69
30/07/2019;10.8;10.74929184;10.9
26/07/2019;10.9;10.89900901;10.9
25/07/2019;10.9;10.9;10.9
24/07/2019;10.85;10.85434058;10.85
23/07/2019;10.79;10.84822534;10.7
22/07/2019;10.8;10.72561239;10.75
19/07/2019;10.65;10.6661056;10.65
18/07/2019;10.65;10.65;10.65
17/07/2019;10.65;10.65011049;10.65
16/07/2019;10.55;10.59019934;10.55
15/07/2019;10.55;10.55;10.7
12/07/2019;10.55;10.59836295;10.55
11/07/2019;10.3;10.53577698;10.25
10/07/2019;10.25;10.25;10.25
9/07/2019;10.2;10.24657829;10.15
8/07/2019;10.28;10.23463277;10.28
5/07/2019;10.35;10.34047368;10.35
4/07/2019;10.35;10.34987131;10.34
3/07/2019;10.35;10.3498282;10.35
2/07/2019;10.33;10.34842327;10.33
1/07/2019;10.33;10.33051038;10.33
28/06/2019;10.3;10.32788104;10.32
27/06/2019;10.28;10.31573088;10.28
26/06/2019;10.33;10.28015029;10.28
25/06/2019;10.35;10.32852778;10.4
24/06/2019;10.44;10.40882611;10.44
21/06/2019;10.49;10.46814276;10.49
20/06/2019;10.5;10.49919847;10.49
19/06/2019;10.5;10.49271791;10.6
18/06/2019;10.55;10.58458999;10.55
17/06/2019;10.55;10.55;10.59
14/06/2019;10.58;10.56464477;10.58
13/06/2019;10.57;10.57963652;10.57
12/06/2019;10.59;10.57979138;10.58
11/06/2019;10.58;10.58;10.58
10/06/2019;10.58;10.58;10.55
7/06/2019;10.55;10.55;10.55
6/06/2019;10.57;10.56940044;10.6
5/06/2019;10.65;10.60535576;10.65
4/06/2019;10.65;10.65;10.65
3/06/2019;10.65;10.65;10.64
31/05/2019;10.61;10.64235996;10.61
30/05/2019;10.61;10.61;10.61
29/05/2019;10.55;10.5565655;10.55
28/05/2019;10.55;10.55;10.5
27/05/2019;10.5;10.5;10.45
24/05/2019;10.45;10.45;10.45
23/05/2019;10.5;10.451633;10.5
22/05/2019;10.5;10.5;10.55
21/05/2019;10.54;10.54223045;10.54
20/05/2019;10.55;10.54957283;10.5
17/05/2019;10.65;10.57463975;10.7
16/05/2019;10.75;10.71569939;10.75
15/05/2019;10.8;10.77548209;10.8
14/05/2019;10.85;10.79160075;10.8
13/05/2019;10.85;10.8006673;10.85
10/05/2019;10.8;10.81321042;10.75
9/05/2019;10.75;10.75;10.75
8/05/2019;10.71;10.73358564;10.71
7/05/2019;;10.75;10.71
6/05/2019;10.71;10.71;10.71
3/05/2019;10.7;10.71308124;10.7
2/05/2019;10.7;10.66622402;10.7
30/04/2019;10.6;10.61252521;10.65
29/04/2019;10.65;10.65;10.7
26/04/2019;10.7;10.7;10.7
25/04/2019;10.71;10.70843521;10.71
24/04/2019;10.76;10.75862892;10.76
23/04/2019;11.05;11.02863558;11.05
22/04/2019;11.05;11.04689653;11
17/04/2019;11.05;11.01750592;11.05
16/04/2019;11.1;11.06252498;11.05
15/04/2019;11.1;11.08092902;11.1
12/04/2019;11.05;11.07272727;11.05
11/04/2019;11;11.01868043;11.05
10/04/2019;11.05;11.06875094;11.05
9/04/2019;11.1;11.05175497;11.1
8/04/2019;11.1;11.1;11.15
5/04/2019;11.15;11.17932105;11.2
4/04/2019;11.15;11.1668828;11.15
3/04/2019;11.05;11.13437079;11.05
2/04/2019;10.95;11.04030653;10.85
1/04/2019;10.85;10.85;10.85
29/03/2019;10.85;10.85;10.85
28/03/2019;10.9;10.85189597;10.9
27/03/2019;10.95;10.90849076;11
26/03/2019;11.05;11.01539212;11.05
25/03/2019;11.15;11.08115299;11.15
22/03/2019;11.15;11.15;11.18
21/03/2019;11.18;11.18;11.2
20/03/2019;11.24;11.23781905;11.24
19/03/2019;11.24;11.24;11.25
18/03/2019;11.24;11.24993753;11.19
15/03/2019;11.19;11.20149085;11.14
14/03/2019;11.14;11.14;11.19
13/03/2019;11.2;11.19965434;11.2
12/03/2019;11.21;11.27492791;11.2
11/03/2019;11.15;11.18783108;11.2
8/03/2019;11.15;11.19747342;11.15
7/03/2019;11.05;11.06614415;11.05
6/03/2019;10.99;11.00556576;10.99
5/03/2019;11.2;11.00118869;11.25
4/03/2019;11.25;11.25;11.3
1/03/2019;11.25;11.27641509;11.25
28/02/2019;11.21;11.24954095;11.25
27/02/2019;11.3;11.2875;11.29
26/02/2019;11.3;11.29949668;11.3
25/02/2019;11.31;11.30019557;11.26
22/02/2019;11.2;11.21335227;11.2
21/02/2019;11.2;11.19963481;11.2
20/02/2019;11.26;11.24719612;11.26
19/02/2019;11.2;11.30115066;11.2
18/02/2019;11.3;11.25025361;11.35
15/02/2019;11.39;11.38833333;11.4
14/02/2019;11.36;11.39874418;11.36
13/02/2019;11.31;11.34234837;11.31
12/02/2019;11.3;11.30893087;11.4
11/02/2019;11.4;11.4;11.46
8/02/2019;11.46;11.46;11.46
7/02/2019;11.35;11.43599191;11.3
6/02/2019;11.3;11.30402269;11.35
5/02/2019;11.55;11.47300751;11.55
4/02/2019;11.33;11.47305322;11.3
